timestamp,zone_id,demand_MW
1/1/2025 0:00,Z1,1654.897543
1/1/2025 0:00,Z10,2071.446891
1/1/2025 0:00,Z2,2128.237715
1/1/2025 0:00,Z3,1730.633789
1/1/2025 0:00,Z4,2211.543797
1/1/2025 0:00,Z5,1753.358449
1/1/2025 0:00,Z6,1954.070859
1/1/2025 0:00,Z7,1866.962816
1/1/2025 0:00,Z8,2135.818913
1/1/2025 0:00,Z9,1677.591909
1/1/2025 1:00,Z1,1598.663197
1/1/2025 1:00,Z10,2001.057964
1/1/2025 1:00,Z2,2055.919003
1/1/2025 1:00,Z3,1671.825882
1/1/2025 1:00,Z4,2136.394298
1/1/2025 1:00,Z5,1693.778345
1/1/2025 1:00,Z6,1887.670435
1/1/2025 1:00,Z7,1803.522373
1/1/2025 1:00,Z8,2063.242588
1/1/2025 1:00,Z9,1620.586395
1/1/2025 2:00,Z1,1559.256613
1/1/2025 2:00,Z10,1951.732466
1/1/2025 2:00,Z2,2005.241196
1/1/2025 2:00,Z3,1630.615859
1/1/2025 2:00,Z4,2083.732799
1/1/2025 2:00,Z5,1652.0272
1/1/2025 2:00,Z6,1841.139906
1/1/2025 2:00,Z7,1759.066069
1/1/2025 2:00,Z8,2012.384257
1/1/2025 2:00,Z9,1580.639411
1/1/2025 3:00,Z1,1536.338198
1/1/2025 3:00,Z10,1923.045325
1/1/2025 3:00,Z2,1975.767568
1/1/2025 3:00,Z3,1606.648585
1/1/2025 3:00,Z4,2053.105478
1/1/2025 3:00,Z5,1627.745216
1/1/2025 3:00,Z6,1814.078287
1/1/2025 3:00,Z7,1733.210796
1/1/2025 3:00,Z8,1982.805638
1/1/2025 3:00,Z9,1557.406705
1/1/2025 4:00,Z1,1532.794667
1/1/2025 4:00,Z10,1918.609863
1/1/2025 4:00,Z2,1971.210503
1/1/2025 4:00,Z3,1602.942885
1/1/2025 4:00,Z4,2048.370035
1/1/2025 4:00,Z5,1623.990857
1/1/2025 4:00,Z6,1809.894155
1/1/2025 4:00,Z7,1729.213183
1/1/2025 4:00,Z8,1978.23234
1/1/2025 4:00,Z9,1553.814581
1/1/2025 5:00,Z1,1575.394836
1/1/2025 5:00,Z10,1971.932794
1/1/2025 5:00,Z2,2025.995337
1/1/2025 5:00,Z3,1647.492647
1/1/2025 5:00,Z4,2105.299324
1/1/2025 5:00,Z5,1669.125595
1/1/2025 5:00,Z6,1860.195607
1/1/2025 5:00,Z7,1777.272311
1/1/2025 5:00,Z8,2033.212328
1/1/2025 5:00,Z9,1596.998945
1/1/2025 6:00,Z1,1681.235939
1/1/2025 6:00,Z10,2104.414847
1/1/2025 6:00,Z2,2162.10952
1/1/2025 6:00,Z3,1758.177559
1/1/2025 6:00,Z4,2246.741454
1/1/2025 6:00,Z5,1781.263892
1/1/2025 6:00,Z6,1985.170725
1/1/2025 6:00,Z7,1896.676321
1/1/2025 6:00,Z8,2169.811376
1/1/2025 6:00,Z9,1704.291496
1/1/2025 7:00,Z1,1821.780067
1/1/2025 7:00,Z10,2280.334919
1/1/2025 7:00,Z2,2342.85262
1/1/2025 7:00,Z3,1905.153676
1/1/2025 7:00,Z4,2434.559422
1/1/2025 7:00,Z5,1930.169928
1/1/2025 7:00,Z6,2151.122499
1/1/2025 7:00,Z7,2055.230342
1/1/2025 7:00,Z8,2351.198319
1/1/2025 7:00,Z9,1846.762969
1/1/2025 8:00,Z1,1913.610667
1/1/2025 8:00,Z10,2395.279927
1/1/2025 8:00,Z2,2460.948963
1/1/2025 8:00,Z3,2001.186896
1/1/2025 8:00,Z4,2557.278436
1/1/2025 8:00,Z5,2027.464144
1/1/2025 8:00,Z6,2259.554287
1/1/2025 8:00,Z7,2158.828488
1/1/2025 8:00,Z8,2469.715343
1/1/2025 8:00,Z9,1939.852884
1/1/2025 9:00,Z1,1948.877344
1/1/2025 9:00,Z10,2439.423475
1/1/2025 9:00,Z2,2506.302751
1/1/2025 9:00,Z3,2038.06755
1/1/2025 9:00,Z4,2604.407517
1/1/2025 9:00,Z5,2064.829071
1/1/2025 9:00,Z6,2301.196494
1/1/2025 9:00,Z7,2198.614379
1/1/2025 9:00,Z8,2515.23069
1/1/2025 9:00,Z9,1975.603189
1/1/2025 10:00,Z1,1962.647426
1/1/2025 10:00,Z10,2456.659584
1/1/2025 10:00,Z2,2524.011405
1/1/2025 10:00,Z3,2052.467819
1/1/2025 10:00,Z4,2622.809345
1/1/2025 10:00,Z5,2079.418427
1/1/2025 10:00,Z6,2317.45594
1/1/2025 10:00,Z7,2214.149016
1/1/2025 10:00,Z8,2533.002426
1/1/2025 10:00,Z9,1989.562107
1/1/2025 11:00,Z1,1951.803462
1/1/2025 11:00,Z10,2443.086117
1/1/2025 11:00,Z2,2510.065807
1/1/2025 11:00,Z3,2041.127581
1/1/2025 11:00,Z4,2608.317872
1/1/2025 11:00,Z5,2067.929283
1/1/2025 11:00,Z6,2304.651597
1/1/2025 11:00,Z7,2201.915461
1/1/2025 11:00,Z8,2519.007152
1/1/2025 11:00,Z9,1978.569434
1/1/2025 12:00,Z1,1953.414279
1/1/2025 12:00,Z10,2445.102388
1/1/2025 12:00,Z2,2512.137357
1/1/2025 12:00,Z3,2042.812117
1/1/2025 12:00,Z4,2610.470509
1/1/2025 12:00,Z5,2069.635938
1/1/2025 12:00,Z6,2306.553618
1/1/2025 12:00,Z7,2203.732695
1/1/2025 12:00,Z8,2521.08608
1/1/2025 12:00,Z9,1980.202341
1/1/2025 13:00,Z1,1964.158068
1/1/2025 13:00,Z10,2458.550465
1/1/2025 13:00,Z2,2525.954126
1/1/2025 13:00,Z3,2054.047595
1/1/2025 13:00,Z4,2624.828111
1/1/2025 13:00,Z5,2081.018947
1/1/2025 13:00,Z6,2319.239676
1/1/2025 13:00,Z7,2215.853237
1/1/2025 13:00,Z8,2534.952068
1/1/2025 13:00,Z9,1991.093465
1/1/2025 14:00,Z1,1963.354329
1/1/2025 14:00,Z10,2457.544419
1/1/2025 14:00,Z2,2524.920499
1/1/2025 14:00,Z3,2053.207073
1/1/2025 14:00,Z4,2623.754024
1/1/2025 14:00,Z5,2080.167389
1/1/2025 14:00,Z6,2318.290637
1/1/2025 14:00,Z7,2214.946504
1/1/2025 14:00,Z8,2533.914758
1/1/2025 14:00,Z9,1990.278704
1/1/2025 15:00,Z1,1967.575378
1/1/2025 15:00,Z10,2462.827935
1/1/2025 15:00,Z2,2530.348868
1/1/2025 15:00,Z3,2057.621298
1/1/2025 15:00,Z4,2629.394877
1/1/2025 15:00,Z5,2084.639576
1/1/2025 15:00,Z6,2323.274769
1/1/2025 15:00,Z7,2219.708455
1/1/2025 15:00,Z8,2539.362465
1/1/2025 15:00,Z9,1994.557638
1/1/2025 16:00,Z1,1997.655985
1/1/2025 16:00,Z10,2500.480043
1/1/2025 16:00,Z2,2569.033247
1/1/2025 16:00,Z3,2089.078541
1/1/2025 16:00,Z4,2669.593487
1/1/2025 16:00,Z5,2116.509879
1/1/2025 16:00,Z6,2358.793366
1/1/2025 16:00,Z7,2253.643713
1/1/2025 16:00,Z8,2578.184644
1/1/2025 16:00,Z9,2025.050754
1/1/2025 17:00,Z1,2047.925233
1/1/2025 17:00,Z10,2563.402414
1/1/2025 17:00,Z2,2633.680699
1/1/2025 17:00,Z3,2141.648357
1/1/2025 17:00,Z4,2736.771449
1/1/2025 17:00,Z5,2169.76998
1/1/2025 17:00,Z6,2418.150317
1/1/2025 17:00,Z7,2310.354666
1/1/2025 17:00,Z8,2643.062383
1/1/2025 17:00,Z9,2076.009367
1/1/2025 18:00,Z1,1997.013195
1/1/2025 18:00,Z10,2499.675457
1/1/2025 18:00,Z2,2568.206602
1/1/2025 18:00,Z3,2088.406333
1/1/2025 18:00,Z4,2668.734485
1/1/2025 18:00,Z5,2115.828844
1/1/2025 18:00,Z6,2358.034371
1/1/2025 18:00,Z7,2252.918552
1/1/2025 18:00,Z8,2577.355055
1/1/2025 18:00,Z9,2024.399149
1/1/2025 19:00,Z1,1931.364049
1/1/2025 19:00,Z10,2417.50196
1/1/2025 19:00,Z2,2483.780235
1/1/2025 19:00,Z3,2019.75276
1/1/2025 19:00,Z4,2581.003398
1/1/2025 19:00,Z5,2046.273793
1/1/2025 19:00,Z6,2280.517136
1/1/2025 19:00,Z7,2178.85686
1/1/2025 19:00,Z8,2492.627945
1/1/2025 19:00,Z9,1957.849726
1/1/2025 20:00,Z1,1880.434313
1/1/2025 20:00,Z10,2353.752851
1/1/2025 20:00,Z2,2418.283379
1/1/2025 20:00,Z3,1966.492229
1/1/2025 20:00,Z4,2512.942784
1/1/2025 20:00,Z5,1992.313906
1/1/2025 20:00,Z6,2220.380293
1/1/2025 20:00,Z7,2121.40078
1/1/2025 20:00,Z8,2426.897777
1/1/2025 20:00,Z9,1906.221567
1/1/2025 21:00,Z1,1825.480205
1/1/2025 21:00,Z10,2284.966408
1/1/2025 21:00,Z2,2347.611086
1/1/2025 21:00,Z3,1909.023151
1/1/2025 21:00,Z4,2439.504149
1/1/2025 21:00,Z5,1934.090212
1/1/2025 21:00,Z6,2155.49155
1/1/2025 21:00,Z7,2059.404631
1/1/2025 21:00,Z8,2355.973735
1/1/2025 21:00,Z9,1850.513848
1/1/2025 22:00,Z1,1760.695571
1/1/2025 22:00,Z10,2203.875026
1/1/2025 22:00,Z2,2264.296502
1/1/2025 22:00,Z3,1841.273654
1/1/2025 22:00,Z4,2352.928364
1/1/2025 22:00,Z5,1865.451108
1/1/2025 22:00,Z6,2078.995114
1/1/2025 22:00,Z7,1986.318232
1/1/2025 22:00,Z8,2272.362368
1/1/2025 22:00,Z9,1784.840794
1/1/2025 23:00,Z1,1675.229435
1/1/2025 23:00,Z10,2096.896463
1/1/2025 23:00,Z2,2154.385012
1/1/2025 23:00,Z3,1751.896167
1/1/2025 23:00,Z4,2238.714584
1/1/2025 23:00,Z5,1774.90002
1/1/2025 23:00,Z6,1978.078361
1/1/2025 23:00,Z7,1889.900119
1/1/2025 23:00,Z8,2162.059352
1/1/2025 23:00,Z9,1698.202621
1/2/2025 0:00,Z1,1613.186216
1/2/2025 0:00,Z10,2019.236529
1/2/2025 0:00,Z2,2074.595952
1/2/2025 0:00,Z3,1687.013545
1/2/2025 0:00,Z4,2155.802323
1/2/2025 0:00,Z5,1709.165435
1/2/2025 0:00,Z6,1904.818933
1/2/2025 0:00,Z7,1819.90643
1/2/2025 0:00,Z8,2081.986068
1/2/2025 0:00,Z9,1635.308575
1/2/2025 1:00,Z1,1562.885625
1/2/2025 1:00,Z10,1956.274926
1/2/2025 1:00,Z2,2009.908193
1/2/2025 1:00,Z3,1634.410953
1/2/2025 1:00,Z4,2088.582477
1/2/2025 1:00,Z5,1655.872127
1/2/2025 1:00,Z6,1845.424974
1/2/2025 1:00,Z7,1763.160119
1/2/2025 1:00,Z8,2017.067879
1/2/2025 1:00,Z9,1584.31819
1/2/2025 2:00,Z1,1532.761003
1/2/2025 2:00,Z10,1918.567724
1/2/2025 2:00,Z2,1971.16721
1/2/2025 2:00,Z3,1602.907679
1/2/2025 2:00,Z4,2048.325047
1/2/2025 2:00,Z5,1623.95519
1/2/2025 2:00,Z6,1809.854405
1/2/2025 2:00,Z7,1729.175205
1/2/2025 2:00,Z8,1978.188892
1/2/2025 2:00,Z9,1553.780454
1/2/2025 3:00,Z1,1505.425951
1/2/2025 3:00,Z10,1884.352248
1/2/2025 3:00,Z2,1936.013681
1/2/2025 3:00,Z3,1574.321641
1/2/2025 3:00,Z4,2011.795496
1/2/2025 3:00,Z5,1594.993793
1/2/2025 3:00,Z6,1777.577707
1/2/2025 3:00,Z7,1698.337328
1/2/2025 3:00,Z8,1942.91014
1/2/2025 3:00,Z9,1526.070544
1/2/2025 4:00,Z1,1507.567554
1/2/2025 4:00,Z10,1887.032908
1/2/2025 4:00,Z2,1938.767834
1/2/2025 4:00,Z3,1576.561255
1/2/2025 4:00,Z4,2014.657455
1/2/2025 4:00,Z5,1597.262815
1/2/2025 4:00,Z6,1780.106471
1/2/2025 4:00,Z7,1700.753366
1/2/2025 4:00,Z8,1945.674104
1/2/2025 4:00,Z9,1528.241517
1/2/2025 5:00,Z1,1554.80895
1/2/2025 5:00,Z10,1946.165294
1/2/2025 5:00,Z2,1999.521395
1/2/2025 5:00,Z3,1625.964649
1/2/2025 5:00,Z4,2077.789107
1/2/2025 5:00,Z5,1647.314916
1/2/2025 5:00,Z6,1835.888192
1/2/2025 5:00,Z7,1754.048465
1/2/2025 5:00,Z8,2006.644081
1/2/2025 5:00,Z9,1576.130755
1/2/2025 6:00,Z1,1664.828235
1/2/2025 6:00,Z10,2083.877208
1/2/2025 6:00,Z2,2141.008821
1/2/2025 6:00,Z3,1741.018957
1/2/2025 6:00,Z4,2224.814806
1/2/2025 6:00,Z5,1763.879984
1/2/2025 6:00,Z6,1965.796826
1/2/2025 6:00,Z7,1878.166067
1/2/2025 6:00,Z8,2148.635512
1/2/2025 6:00,Z9,1687.658785
1/2/2025 7:00,Z1,1811.83618
1/2/2025 7:00,Z10,2267.888087
1/2/2025 7:00,Z2,2330.064545
1/2/2025 7:00,Z3,1894.754709
1/2/2025 7:00,Z4,2421.27078
1/2/2025 7:00,Z5,1919.634413
1/2/2025 7:00,Z6,2139.380951
1/2/2025 7:00,Z7,2044.012206
1/2/2025 7:00,Z8,2338.36469
1/2/2025 7:00,Z9,1836.682717
1/2/2025 8:00,Z1,1904.527945
1/2/2025 8:00,Z10,2383.91102
1/2/2025 8:00,Z2,2449.268366
1/2/2025 8:00,Z3,1991.688504
1/2/2025 8:00,Z4,2545.140623
1/2/2025 8:00,Z5,2017.84103
1/2/2025 8:00,Z6,2248.829586
1/2/2025 8:00,Z7,2148.581869
1/2/2025 8:00,Z8,2457.993138
1/2/2025 8:00,Z9,1930.645607
1/2/2025 9:00,Z1,1954.985426
1/2/2025 9:00,Z10,2447.069003
1/2/2025 9:00,Z2,2514.157889
1/2/2025 9:00,Z3,2044.455167
1/2/2025 9:00,Z4,2612.570131
1/2/2025 9:00,Z5,2071.300563
1/2/2025 9:00,Z6,2308.408798
1/2/2025 9:00,Z7,2205.505175
1/2/2025 9:00,Z8,2523.11381
1/2/2025 9:00,Z9,1981.795034
1/2/2025 10:00,Z1,1980.749901
1/2/2025 10:00,Z10,2479.318579
1/2/2025 10:00,Z2,2547.291619
1/2/2025 10:00,Z3,2071.398752
1/2/2025 10:00,Z4,2647.000822
1/2/2025 10:00,Z5,2098.597939
1/2/2025 10:00,Z6,2338.83099
1/2/2025 10:00,Z7,2234.571215
1/2/2025 10:00,Z8,2556.365569
1/2/2025 10:00,Z9,2007.912829
1/2/2025 11:00,Z1,1980.565915
1/2/2025 11:00,Z10,2479.088282
1/2/2025 11:00,Z2,2547.055008
1/2/2025 11:00,Z3,2071.206345
1/2/2025 11:00,Z4,2646.75495
1/2/2025 11:00,Z5,2098.403006
1/2/2025 11:00,Z6,2338.613743
1/2/2025 11:00,Z7,2234.363652
1/2/2025 11:00,Z8,2556.128115
1/2/2025 11:00,Z9,2007.72632
1/2/2025 12:00,Z1,1983.540476
1/2/2025 12:00,Z10,2482.811561
1/2/2025 12:00,Z2,2550.880365
1/2/2025 12:00,Z3,2074.317037
1/2/2025 12:00,Z4,2650.730043
1/2/2025 12:00,Z5,2101.554544
1/2/2025 12:00,Z6,2342.126047
1/2/2025 12:00,Z7,2237.719385
1/2/2025 12:00,Z8,2559.967098
1/2/2025 12:00,Z9,2010.741672
1/2/2025 13:00,Z1,1980.702734
1/2/2025 13:00,Z10,2479.259539
1/2/2025 13:00,Z2,2547.230961
1/2/2025 13:00,Z3,2071.349426
1/2/2025 13:00,Z4,2646.93779
1/2/2025 13:00,Z5,2098.547966
1/2/2025 13:00,Z6,2338.775296
1/2/2025 13:00,Z7,2234.518003
1/2/2025 13:00,Z8,2556.304695
1/2/2025 13:00,Z9,2007.865015
1/2/2025 14:00,Z1,1966.415006
1/2/2025 14:00,Z10,2461.375489
1/2/2025 14:00,Z2,2528.856602
1/2/2025 14:00,Z3,2056.407821
1/2/2025 14:00,Z4,2627.844199
1/2/2025 14:00,Z5,2083.410165
1/2/2025 14:00,Z6,2321.904624
1/2/2025 14:00,Z7,2218.399388
1/2/2025 14:00,Z8,2537.864883
1/2/2025 14:00,Z9,1993.381353
1/2/2025 15:00,Z1,1975.994685
1/2/2025 15:00,Z10,2473.366441
1/2/2025 15:00,Z2,2541.176297
1/2/2025 15:00,Z3,2066.425913
1/2/2025 15:00,Z4,2640.646127
1/2/2025 15:00,Z5,2093.559803
1/2/2025 15:00,Z6,2333.216123
1/2/2025 15:00,Z7,2229.206646
1/2/2025 15:00,Z8,2550.228463
1/2/2025 15:00,Z9,2003.092402
1/2/2025 16:00,Z1,2020.901458
1/2/2025 16:00,Z10,2529.576564
1/2/2025 16:00,Z2,2598.927479
1/2/2025 16:00,Z3,2113.387841
1/2/2025 16:00,Z4,2700.657876
1/2/2025 16:00,Z5,2141.13838
1/2/2025 16:00,Z6,2386.241168
1/2/2025 16:00,Z7,2279.867954
1/2/2025 16:00,Z8,2608.185366
1/2/2025 16:00,Z9,2048.615002
1/2/2025 17:00,Z1,2070.980595
1/2/2025 17:00,Z10,2592.260972
1/2/2025 17:00,Z2,2663.330444
1/2/2025 17:00,Z3,2165.758845
1/2/2025 17:00,Z4,2767.58178
1/2/2025 17:00,Z5,2194.197059
1/2/2025 17:00,Z6,2445.37364
1/2/2025 17:00,Z7,2336.364435
1/2/2025 17:00,Z8,2672.817746
1/2/2025 17:00,Z9,2099.380898
1/2/2025 18:00,Z1,2009.291905
1/2/2025 18:00,Z10,2515.044806
1/2/2025 18:00,Z2,2583.997317
1/2/2025 18:00,Z3,2101.246978
1/2/2025 18:00,Z4,2685.143299
1/2/2025 18:00,Z5,2128.838098
1/2/2025 18:00,Z6,2372.532834
1/2/2025 18:00,Z7,2266.770707
1/2/2025 18:00,Z8,2593.20202
1/2/2025 18:00,Z9,2036.846243
1/2/2025 19:00,Z1,1956.655355
1/2/2025 19:00,Z10,2449.159265
1/2/2025 19:00,Z2,2516.305458
1/2/2025 19:00,Z3,2046.20152
1/2/2025 19:00,Z4,2614.801762
1/2/2025 19:00,Z5,2073.069847
1/2/2025 19:00,Z6,2310.380618
1/2/2025 19:00,Z7,2207.389096
1/2/2025 19:00,Z8,2525.269029
1/2/2025 19:00,Z9,1983.487863
1/2/2025 20:00,Z1,1902.470641
1/2/2025 20:00,Z10,2381.335878
1/2/2025 20:00,Z2,2446.622623
1/2/2025 20:00,Z3,1989.537048
1/2/2025 20:00,Z4,2542.391317
1/2/2025 20:00,Z5,2015.661323
1/2/2025 20:00,Z6,2246.400361
1/2/2025 20:00,Z7,2146.260933
1/2/2025 20:00,Z8,2455.33797
1/2/2025 20:00,Z9,1928.56009
1/2/2025 21:00,Z1,1834.763918
1/2/2025 21:00,Z10,2296.586897
1/2/2025 21:00,Z2,2359.550162
1/2/2025 21:00,Z3,1918.731732
1/2/2025 21:00,Z4,2451.91056
1/2/2025 21:00,Z5,1943.926275
1/2/2025 21:00,Z6,2166.453578
1/2/2025 21:00,Z7,2069.877996
1/2/2025 21:00,Z8,2367.95534
1/2/2025 21:00,Z9,1859.924873
1/2/2025 22:00,Z1,1766.756126
1/2/2025 22:00,Z10,2211.461065
1/2/2025 22:00,Z2,2272.090519
1/2/2025 22:00,Z3,1847.611569
1/2/2025 22:00,Z4,2361.027464
1/2/2025 22:00,Z5,1871.872245
1/2/2025 22:00,Z6,2086.151299
1/2/2025 22:00,Z7,1993.15541
1/2/2025 22:00,Z8,2280.184149
1/2/2025 22:00,Z9,1790.984459
1/2/2025 23:00,Z1,1658.998202
1/2/2025 23:00,Z10,2076.579715
1/2/2025 23:00,Z2,2133.51126
1/2/2025 23:00,Z3,1734.922114
1/2/2025 23:00,Z4,2217.023766
1/2/2025 23:00,Z5,1757.703083
1/2/2025 23:00,Z6,1958.912837
1/2/2025 23:00,Z7,1871.58895
1/2/2025 23:00,Z8,2141.111243
1/2/2025 23:00,Z9,1681.748802
1/3/2025 0:00,Z1,1570.346992
1/3/2025 0:00,Z10,1965.614372
1/3/2025 0:00,Z2,2019.503689
1/3/2025 0:00,Z3,1642.213789
1/3/2025 0:00,Z4,2098.553572
1/3/2025 0:00,Z5,1663.777421
1/3/2025 0:00,Z6,1854.235211
1/3/2025 0:00,Z7,1771.577615
1/3/2025 0:00,Z8,2026.697556
1/3/2025 0:00,Z9,1591.881878
1/3/2025 1:00,Z1,1538.819401
1/3/2025 1:00,Z10,1926.151064
1/3/2025 1:00,Z2,1978.958454
1/3/2025 1:00,Z3,1609.243339
1/3/2025 1:00,Z4,2056.421265
1/3/2025 1:00,Z5,1630.374042
1/3/2025 1:00,Z6,1817.008043
1/3/2025 1:00,Z7,1736.00995
1/3/2025 1:00,Z8,1986.00789
1/3/2025 1:00,Z9,1559.921934
1/3/2025 2:00,Z1,1510.756151
1/3/2025 2:00,Z10,1891.024096
1/3/2025 2:00,Z2,1942.868445
1/3/2025 2:00,Z3,1579.895777
1/3/2025 2:00,Z4,2018.918577
1/3/2025 2:00,Z5,1600.641122
1/3/2025 2:00,Z6,1783.871503
1/3/2025 2:00,Z7,1704.350562
1/3/2025 2:00,Z8,1949.789322
1/3/2025 2:00,Z9,1531.47384
1/3/2025 3:00,Z1,1490.851616
1/3/2025 3:00,Z10,1866.109451
1/3/2025 3:00,Z2,1917.27074
1/3/2025 3:00,Z3,1559.080314
1/3/2025 3:00,Z4,1992.318895
1/3/2025 3:00,Z5,1579.552334
1/3/2025 3:00,Z6,1760.368616
1/3/2025 3:00,Z7,1681.89538
1/3/2025 3:00,Z8,1924.100432
1/3/2025 3:00,Z9,1511.296346
1/3/2025 4:00,Z1,1504.628531
1/3/2025 4:00,Z10,1883.354112
1/3/2025 4:00,Z2,1934.98818
1/3/2025 4:00,Z3,1573.487727
1/3/2025 4:00,Z4,2010.729853
1/3/2025 4:00,Z5,1594.148929
1/3/2025 4:00,Z6,1776.636129
1/3/2025 4:00,Z7,1697.437724
1/3/2025 4:00,Z8,1941.880986
1/3/2025 4:00,Z9,1525.262189
1/3/2025 5:00,Z1,1568.067948
1/3/2025 5:00,Z10,1962.761676
1/3/2025 5:00,Z2,2016.572784
1/3/2025 5:00,Z3,1639.830444
1/3/2025 5:00,Z4,2095.507941
1/3/2025 5:00,Z5,1661.362781
1/3/2025 5:00,Z6,1851.54416
1/3/2025 5:00,Z7,1769.006525
1/3/2025 5:00,Z8,2023.756209
1/3/2025 5:00,Z9,1589.57158
1/3/2025 6:00,Z1,1709.446041
1/3/2025 6:00,Z10,2139.725629
1/3/2025 6:00,Z2,2198.388384
1/3/2025 6:00,Z3,1787.678694
1/3/2025 6:00,Z4,2284.44039
1/3/2025 6:00,Z5,1811.152401
1/3/2025 6:00,Z6,2018.480665
1/3/2025 6:00,Z7,1928.50138
1/3/2025 6:00,Z8,2206.219472
1/3/2025 6:00,Z9,1732.888455
1/3/2025 7:00,Z1,1883.148282
1/3/2025 7:00,Z10,2357.149946
1/3/2025 7:00,Z2,2421.773609
1/3/2025 7:00,Z3,1969.330403
1/3/2025 7:00,Z4,2516.569633
1/3/2025 7:00,Z5,1995.189348
1/3/2025 7:00,Z6,2223.584895
1/3/2025 7:00,Z7,2124.462529
1/3/2025 7:00,Z8,2430.400439
1/3/2025 7:00,Z9,1908.972755
1/3/2025 8:00,Z1,1992.468556
1/3/2025 8:00,Z10,2493.986901
1/3/2025 8:00,Z2,2562.362088
1/3/2025 8:00,Z3,2083.653709
1/3/2025 8:00,Z4,2662.661198
1/3/2025 8:00,Z5,2111.013815
1/3/2025 8:00,Z6,2352.66815
1/3/2025 8:00,Z7,2247.791545
1/3/2025 8:00,Z8,2571.489722
1/3/2025 8:00,Z9,2019.792187
1/3/2025 9:00,Z1,2054.896066
1/3/2025 9:00,Z10,2572.127854
1/3/2025 9:00,Z2,2642.645355
1/3/2025 9:00,Z3,2148.938209
1/3/2025 9:00,Z4,2746.087011
1/3/2025 9:00,Z5,2177.155554
1/3/2025 9:00,Z6,2426.38134
1/3/2025 9:00,Z7,2318.218769
1/3/2025 9:00,Z8,2652.058974
1/3/2025 9:00,Z9,2083.075794
1/3/2025 10:00,Z1,1977.501142
1/3/2025 10:00,Z10,2475.252084
1/3/2025 10:00,Z2,2543.113637
1/3/2025 10:00,Z3,2068.001313
1/3/2025 10:00,Z4,2642.659301
1/3/2025 10:00,Z5,2095.15589
1/3/2025 10:00,Z6,2334.994919
1/3/2025 10:00,Z7,2230.906147
1/3/2025 10:00,Z8,2552.172705
1/3/2025 10:00,Z9,2004.619518
1/3/2025 11:00,Z1,1928.327601
1/3/2025 11:00,Z10,2413.701216
1/3/2025 11:00,Z2,2479.87529
1/3/2025 11:00,Z3,2016.577349
1/3/2025 11:00,Z4,2576.945601
1/3/2025 11:00,Z5,2043.056686
1/3/2025 11:00,Z6,2276.931756
1/3/2025 11:00,Z7,2175.431308
1/3/2025 11:00,Z8,2488.70909
1/3/2025 11:00,Z9,1954.771638
1/3/2025 12:00,Z1,1891.415541
1/3/2025 12:00,Z10,2367.498131
1/3/2025 12:00,Z2,2432.4055
1/3/2025 12:00,Z3,1977.976012
1/3/2025 12:00,Z4,2527.617691
1/3/2025 12:00,Z5,2003.948481
1/3/2025 12:00,Z6,2233.346713
1/3/2025 12:00,Z7,2133.789188
1/3/2025 12:00,Z8,2441.070204
1/3/2025 12:00,Z9,1917.353386
1/3/2025 13:00,Z1,1915.447809
1/3/2025 13:00,Z10,2397.57949
1/3/2025 13:00,Z2,2463.31157
1/3/2025 13:00,Z3,2003.108114
1/3/2025 13:00,Z4,2559.733524
1/3/2025 13:00,Z5,2029.410589
1/3/2025 13:00,Z6,2261.723548
1/3/2025 13:00,Z7,2160.901048
1/3/2025 13:00,Z8,2472.086367
1/3/2025 13:00,Z9,1941.715219
1/3/2025 14:00,Z1,1968.487611
1/3/2025 14:00,Z10,2463.969784
1/3/2025 14:00,Z2,2531.522022
1/3/2025 14:00,Z3,2058.575279
1/3/2025 14:00,Z4,2630.613952
1/3/2025 14:00,Z5,2085.606084
1/3/2025 14:00,Z6,2324.351916
1/3/2025 14:00,Z7,2220.737585
1/3/2025 14:00,Z8,2540.539797
1/3/2025 14:00,Z9,1995.482381
1/3/2025 15:00,Z1,2044.285262
1/3/2025 15:00,Z10,2558.846236
1/3/2025 15:00,Z2,2628.999608
1/3/2025 15:00,Z3,2137.841802
1/3/2025 15:00,Z4,2731.907125
1/3/2025 15:00,Z5,2165.913443
1/3/2025 15:00,Z6,2413.852309
1/3/2025 15:00,Z7,2306.248254
1/3/2025 15:00,Z8,2638.364618
1/3/2025 15:00,Z9,2072.319479
1/3/2025 16:00,Z1,2107.851947
1/3/2025 16:00,Z10,2638.413103
1/3/2025 16:00,Z2,2710.747882
1/3/2025 16:00,Z3,2204.317612
1/3/2025 16:00,Z4,2816.85529
1/3/2025 16:00,Z5,2233.262135
1/3/2025 16:00,Z6,2488.910616
1/3/2025 16:00,Z7,2377.960632
1/3/2025 16:00,Z8,2720.404095
1/3/2025 16:00,Z9,2136.757884
1/3/2025 17:00,Z1,2135.939472
1/3/2025 17:00,Z10,2673.570456
1/3/2025 17:00,Z2,2746.869109
1/3/2025 17:00,Z3,2233.69056
1/3/2025 17:00,Z4,2854.390418
1/3/2025 17:00,Z5,2263.020774
1/3/2025 17:00,Z6,2522.07582
1/3/2025 17:00,Z7,2409.647406
1/3/2025 17:00,Z8,2756.653993
1/3/2025 17:00,Z9,2165.230586
1/3/2025 18:00,Z1,2024.261435
1/3/2025 18:00,Z10,2533.782271
1/3/2025 18:00,Z2,2603.248489
1/3/2025 18:00,Z3,2116.901587
1/3/2025 18:00,Z4,2705.148025
1/3/2025 18:00,Z5,2144.698265
1/3/2025 18:00,Z6,2390.208564
1/3/2025 18:00,Z7,2283.658493
1/3/2025 18:00,Z8,2612.521769
1/3/2025 18:00,Z9,2052.021056
1/3/2025 19:00,Z1,1930.150281
1/3/2025 19:00,Z10,2415.982679
1/3/2025 19:00,Z2,2482.219301
1/3/2025 19:00,Z3,2018.483445
1/3/2025 19:00,Z4,2579.381364
1/3/2025 19:00,Z5,2044.98781
1/3/2025 19:00,Z6,2279.083942
1/3/2025 19:00,Z7,2177.487555
1/3/2025 19:00,Z8,2491.061451
1/3/2025 19:00,Z9,1956.619314
1/3/2025 20:00,Z1,1844.105253
1/3/2025 20:00,Z10,2308.279512
1/3/2025 20:00,Z2,2371.563342
1/3/2025 20:00,Z3,1928.500573
1/3/2025 20:00,Z4,2464.393974
1/3/2025 20:00,Z5,1953.823389
1/3/2025 20:00,Z6,2177.483645
1/3/2025 20:00,Z7,2080.416368
1/3/2025 20:00,Z8,2380.011314
1/3/2025 20:00,Z9,1869.394311
1/3/2025 21:00,Z1,1779.61717
1/3/2025 21:00,Z10,2227.559325
1/3/2025 21:00,Z2,2288.63013
1/3/2025 21:00,Z3,1861.061199
1/3/2025 21:00,Z4,2378.214489
1/3/2025 21:00,Z5,1885.498479
1/3/2025 21:00,Z6,2101.33737
1/3/2025 21:00,Z7,2007.664521
1/3/2025 21:00,Z8,2296.782677
1/3/2025 21:00,Z9,1804.021873
1/3/2025 22:00,Z1,1685.670044
1/3/2025 22:00,Z10,2109.965047
1/3/2025 22:00,Z2,2167.811885
1/3/2025 22:00,Z3,1762.81459
1/3/2025 22:00,Z4,2252.667028
1/3/2025 22:00,Z5,1785.961811
1/3/2025 22:00,Z6,1990.40643
1/3/2025 22:00,Z7,1901.67863
1/3/2025 22:00,Z8,2175.534054
1/3/2025 22:00,Z9,1708.786408
1/3/2025 23:00,Z1,1645.109849
1/3/2025 23:00,Z10,2059.195565
1/3/2025 23:00,Z2,2115.650505
1/3/2025 23:00,Z3,1720.398161
1/3/2025 23:00,Z4,2198.463884
1/3/2025 23:00,Z5,1742.988419
1/3/2025 23:00,Z6,1942.513739
1/3/2025 23:00,Z7,1855.920887
1/3/2025 23:00,Z8,2123.186865
1/3/2025 23:00,Z9,1667.669991
1/4/2025 0:00,Z1,1725.213555
1/4/2025 0:00,Z10,2159.461938
1/4/2025 0:00,Z2,2218.665783
1/4/2025 0:00,Z3,1804.167807
1/4/2025 0:00,Z4,2305.511512
1/4/2025 0:00,Z5,1827.85803
1/4/2025 0:00,Z6,2037.098639
1/4/2025 0:00,Z7,1946.289407
1/4/2025 0:00,Z8,2226.569104
1/4/2025 0:00,Z9,1748.872197
1/4/2025 1:00,Z1,1648.87213
1/4/2025 1:00,Z10,2063.904839
1/4/2025 1:00,Z2,2120.488889
1/4/2025 1:00,Z3,1724.332622
1/4/2025 1:00,Z4,2203.491658
1/4/2025 1:00,Z5,1746.974543
1/4/2025 1:00,Z6,1946.956167
1/4/2025 1:00,Z7,1860.165282
1/4/2025 1:00,Z8,2128.042484
1/4/2025 1:00,Z9,1671.483866
1/4/2025 2:00,Z1,1609.097591
1/4/2025 2:00,Z10,2014.118769
1/4/2025 2:00,Z2,2069.337883
1/4/2025 2:00,Z3,1682.737805
1/4/2025 2:00,Z4,2150.338437
1/4/2025 2:00,Z5,1704.833551
1/4/2025 2:00,Z6,1899.991165
1/4/2025 2:00,Z7,1815.293873
1/4/2025 2:00,Z8,2076.709269
1/4/2025 2:00,Z9,1631.163881
1/4/2025 3:00,Z1,1596.721955
1/4/2025 3:00,Z10,1998.628098
1/4/2025 3:00,Z2,2053.42252
1/4/2025 3:00,Z3,1669.795799
1/4/2025 3:00,Z4,2133.800095
1/4/2025 3:00,Z5,1691.721606
1/4/2025 3:00,Z6,1885.378254
1/4/2025 3:00,Z7,1801.332372
1/4/2025 3:00,Z8,2060.737212
1/4/2025 3:00,Z9,1618.618532
1/4/2025 4:00,Z1,1605.0088
1/4/2025 4:00,Z10,2009.000801
1/4/2025 4:00,Z2,2064.079601
1/4/2025 4:00,Z3,1678.461891
1/4/2025 4:00,Z4,2144.874328
1/4/2025 4:00,Z5,1700.501491
1/4/2025 4:00,Z6,1895.1632
1/4/2025 4:00,Z7,1810.681128
1/4/2025 4:00,Z8,2071.432255
1/4/2025 4:00,Z9,1627.019019
1/4/2025 5:00,Z1,1627.729379
1/4/2025 5:00,Z10,2037.440309
1/4/2025 5:00,Z2,2093.298807
1/4/2025 5:00,Z3,1702.222275
1/4/2025 5:00,Z4,2175.237268
1/4/2025 5:00,Z5,1724.573869
1/4/2025 5:00,Z6,1921.991218
1/4/2025 5:00,Z7,1836.313213
1/4/2025 5:00,Z8,2100.755546
1/4/2025 5:00,Z9,1650.051175
1/4/2025 6:00,Z1,1694.281316
1/4/2025 6:00,Z10,2120.743836
1/4/2025 6:00,Z2,2178.886186
1/4/2025 6:00,Z3,1771.819956
1/4/2025 6:00,Z4,2264.174813
1/4/2025 6:00,Z5,1795.085425
1/4/2025 6:00,Z6,2000.574452
1/4/2025 6:00,Z7,1911.393385
1/4/2025 6:00,Z8,2186.647804
1/4/2025 6:00,Z9,1717.51577
1/4/2025 7:00,Z1,1774.071407
1/4/2025 7:00,Z10,2220.617654
1/4/2025 7:00,Z2,2281.498146
1/4/2025 7:00,Z3,1855.261634
1/4/2025 7:00,Z4,2370.803336
1/4/2025 7:00,Z5,1879.622761
1/4/2025 7:00,Z6,2094.789041
1/4/2025 7:00,Z7,2001.408102
1/4/2025 7:00,Z8,2289.625288
1/4/2025 7:00,Z9,1798.400059
1/4/2025 8:00,Z1,1872.730434
1/4/2025 8:00,Z10,2344.109853
1/4/2025 8:00,Z2,2408.376008
1/4/2025 8:00,Z3,1958.435783
1/4/2025 8:00,Z4,2502.647607
1/4/2025 8:00,Z5,1984.151673
1/4/2025 8:00,Z6,2211.283703
1/4/2025 8:00,Z7,2112.709696
1/4/2025 8:00,Z8,2416.955114
1/4/2025 8:00,Z9,1898.412042
1/4/2025 9:00,Z1,1944.215411
1/4/2025 9:00,Z10,2433.5881
1/4/2025 9:00,Z2,2500.307393
1/4/2025 9:00,Z3,2033.192263
1/4/2025 9:00,Z4,2598.177482
1/4/2025 9:00,Z5,2059.889768
1/4/2025 9:00,Z6,2295.691774
1/4/2025 9:00,Z7,2193.355047
1/4/2025 9:00,Z8,2509.213976
1/4/2025 9:00,Z9,1970.877325
1/4/2025 10:00,Z1,1956.775496
1/4/2025 10:00,Z10,2449.309647
1/4/2025 10:00,Z2,2516.459962
1/4/2025 10:00,Z3,2046.327159
1/4/2025 10:00,Z4,2614.962314
1/4/2025 10:00,Z5,2073.197136
1/4/2025 10:00,Z6,2310.522478
1/4/2025 10:00,Z7,2207.524632
1/4/2025 10:00,Z8,2525.424083
1/4/2025 10:00,Z9,1983.609652
1/4/2025 11:00,Z1,1930.831806
1/4/2025 11:00,Z10,2416.835748
1/4/2025 11:00,Z2,2483.095758
1/4/2025 11:00,Z3,2019.196159
1/4/2025 11:00,Z4,2580.292128
1/4/2025 11:00,Z5,2045.709883
1/4/2025 11:00,Z6,2279.888673
1/4/2025 11:00,Z7,2178.256413
1/4/2025 11:00,Z8,2491.94103
1/4/2025 11:00,Z9,1957.310184
1/4/2025 12:00,Z1,1921.266116
1/4/2025 12:00,Z10,2404.862306
1/4/2025 12:00,Z2,2470.794052
1/4/2025 12:00,Z3,2009.192696
1/4/2025 12:00,Z4,2567.508894
1/4/2025 12:00,Z5,2035.575066
1/4/2025 12:00,Z6,2268.593692
1/4/2025 12:00,Z7,2167.464936
1/4/2025 12:00,Z8,2479.595503
1/4/2025 12:00,Z9,1947.613315
1/4/2025 13:00,Z1,1909.545361
1/4/2025 13:00,Z10,2390.191355
1/4/2025 13:00,Z2,2455.720882
1/4/2025 13:00,Z3,1996.935541
1/4/2025 13:00,Z4,2551.845711
1/4/2025 13:00,Z5,2023.156965
1/4/2025 13:00,Z6,2254.754052
1/4/2025 13:00,Z7,2154.242236
1/4/2025 13:00,Z8,2464.468639
1/4/2025 13:00,Z9,1935.731828
1/4/2025 14:00,Z1,1920.837492
1/4/2025 14:00,Z10,2404.325794
1/4/2025 14:00,Z2,2470.242832
1/4/2025 14:00,Z3,2008.744456
1/4/2025 14:00,Z4,2566.936097
1/4/2025 14:00,Z5,2035.12094
1/4/2025 14:00,Z6,2268.087581
1/4/2025 14:00,Z7,2166.981387
1/4/2025 14:00,Z8,2479.042319
1/4/2025 14:00,Z9,1947.178814
1/4/2025 15:00,Z1,1959.047905
1/4/2025 15:00,Z10,2452.154037
1/4/2025 15:00,Z2,2519.382334
1/4/2025 15:00,Z3,2048.703565
1/4/2025 15:00,Z4,2617.999078
1/4/2025 15:00,Z5,2075.604746
1/4/2025 15:00,Z6,2313.205695
1/4/2025 15:00,Z7,2210.088237
1/4/2025 15:00,Z8,2528.356866
1/4/2025 15:00,Z9,1985.913224
1/4/2025 16:00,Z1,2016.295542
1/4/2025 16:00,Z10,2523.811307
1/4/2025 16:00,Z2,2593.004161
1/4/2025 16:00,Z3,2108.571136
1/4/2025 16:00,Z4,2694.5027
1/4/2025 16:00,Z5,2136.258428
1/4/2025 16:00,Z6,2380.802592
1/4/2025 16:00,Z7,2274.671818
1/4/2025 16:00,Z8,2602.240948
1/4/2025 16:00,Z9,2043.945924
1/4/2025 17:00,Z1,2051.271602
1/4/2025 17:00,Z10,2567.591087
1/4/2025 17:00,Z2,2637.984208
1/4/2025 17:00,Z3,2145.147872
1/4/2025 17:00,Z4,2741.243411
1/4/2025 17:00,Z5,2173.315446
1/4/2025 17:00,Z6,2422.101643
1/4/2025 17:00,Z7,2314.129851
1/4/2025 17:00,Z8,2647.381222
1/4/2025 17:00,Z9,2079.401626
1/4/2025 18:00,Z1,1978.072832
1/4/2025 18:00,Z10,2475.967673
1/4/2025 18:00,Z2,2543.848845
1/4/2025 18:00,Z3,2068.599167
1/4/2025 18:00,Z4,2643.423286
1/4/2025 18:00,Z5,2095.761594
1/4/2025 18:00,Z6,2335.669959
1/4/2025 18:00,Z7,2231.551096
1/4/2025 18:00,Z8,2552.910531
1/4/2025 18:00,Z9,2005.199048
1/4/2025 19:00,Z1,1905.199396
1/4/2025 19:00,Z10,2384.75148
1/4/2025 19:00,Z2,2450.131867
1/4/2025 19:00,Z3,1992.390684
1/4/2025 19:00,Z4,2546.037924
1/4/2025 19:00,Z5,2018.55243
1/4/2025 19:00,Z6,2249.622421
1/4/2025 19:00,Z7,2149.339362
1/4/2025 19:00,Z8,2458.859715
1/4/2025 19:00,Z9,1931.326265
1/4/2025 20:00,Z1,1852.346559
1/4/2025 20:00,Z10,2318.595212
1/4/2025 20:00,Z2,2382.161858
1/4/2025 20:00,Z3,1937.119041
1/4/2025 20:00,Z4,2475.40735
1/4/2025 20:00,Z5,1962.555024
1/4/2025 20:00,Z6,2187.214819
1/4/2025 20:00,Z7,2089.713748
1/4/2025 20:00,Z8,2390.647583
1/4/2025 20:00,Z9,1877.748633
1/4/2025 21:00,Z1,1793.573793
1/4/2025 21:00,Z10,2245.028928
1/4/2025 21:00,Z2,2306.57868
1/4/2025 21:00,Z3,1875.656545
1/4/2025 21:00,Z4,2396.865603
1/4/2025 21:00,Z5,1900.285475
1/4/2025 21:00,Z6,2117.81708
1/4/2025 21:00,Z7,2023.409603
1/4/2025 21:00,Z8,2314.795163
1/4/2025 21:00,Z9,1818.16989
1/4/2025 22:00,Z1,1715.94755
1/4/2025 22:00,Z10,2147.863614
1/4/2025 22:00,Z2,2206.74948
1/4/2025 22:00,Z3,1794.477744
1/4/2025 22:00,Z4,2293.128766
1/4/2025 22:00,Z5,1818.040728
1/4/2025 22:00,Z6,2026.15752
1/4/2025 22:00,Z7,1935.836018
1/4/2025 22:00,Z8,2214.610352
1/4/2025 22:00,Z9,1739.479123
1/4/2025 23:00,Z1,1692.646573
1/4/2025 23:00,Z10,2118.697617
1/4/2025 23:00,Z2,2176.783867
1/4/2025 23:00,Z3,1770.110399
1/4/2025 23:00,Z4,2261.990202
1/4/2025 23:00,Z5,1793.35342
1/4/2025 23:00,Z6,1998.644179
1/4/2025 23:00,Z7,1909.549159
1/4/2025 23:00,Z8,2184.537996
1/4/2025 23:00,Z9,1715.858608
1/5/2025 0:00,Z1,1688.410309
1/5/2025 0:00,Z10,2113.395055
1/5/2025 0:00,Z2,2171.33593
1/5/2025 0:00,Z3,1765.680263
1/5/2025 0:00,Z4,2256.329016
1/5/2025 0:00,Z5,1788.865112
1/5/2025 0:00,Z6,1993.642081
1/5/2025 0:00,Z7,1904.770043
1/5/2025 0:00,Z8,2179.070652
1/5/2025 0:00,Z9,1711.56425
1/5/2025 1:00,Z1,1624.046677
1/5/2025 1:00,Z10,2032.830645
1/5/2025 1:00,Z2,2088.562765
1/5/2025 1:00,Z3,1698.371035
1/5/2025 1:00,Z4,2170.315842
1/5/2025 1:00,Z5,1720.672059
1/5/2025 1:00,Z6,1917.642756
1/5/2025 1:00,Z7,1832.158595
1/5/2025 1:00,Z8,2096.002633
1/5/2025 1:00,Z9,1646.317971
1/5/2025 2:00,Z1,1561.45874
1/5/2025 2:00,Z10,1954.488885
1/5/2025 2:00,Z2,2008.073185
1/5/2025 2:00,Z3,1632.918767
1/5/2025 2:00,Z4,2086.675641
1/5/2025 2:00,Z5,1654.360347
1/5/2025 2:00,Z6,1843.740136
1/5/2025 2:00,Z7,1761.550387
1/5/2025 2:00,Z8,2015.226334
1/5/2025 2:00,Z9,1582.871737
1/5/2025 3:00,Z1,1502.857191
1/5/2025 3:00,Z10,1881.136913
1/5/2025 3:00,Z2,1932.710195
1/5/2025 3:00,Z3,1571.635322
1/5/2025 3:00,Z4,2008.3627
1/5/2025 3:00,Z5,1592.272201
1/5/2025 3:00,Z6,1774.544565
1/5/2025 3:00,Z7,1695.439397
1/5/2025 3:00,Z8,1939.594886
1/5/2025 3:00,Z9,1523.466558
1/5/2025 4:00,Z1,1508.335664
1/5/2025 4:00,Z10,1887.994356
1/5/2025 4:00,Z2,1939.755642
1/5/2025 4:00,Z3,1577.364517
1/5/2025 4:00,Z4,2015.683929
1/5/2025 4:00,Z5,1598.076625
1/5/2025 4:00,Z6,1781.01344
1/5/2025 4:00,Z7,1701.619904
1/5/2025 4:00,Z8,1946.66543
1/5/2025 4:00,Z9,1529.02016
1/5/2025 5:00,Z1,1511.218027
1/5/2025 5:00,Z10,1891.602231
1/5/2025 5:00,Z2,1943.46243
1/5/2025 5:00,Z3,1580.378792
1/5/2025 5:00,Z4,2019.535812
1/5/2025 5:00,Z5,1601.130479
1/5/2025 5:00,Z6,1784.416878
1/5/2025 5:00,Z7,1704.871625
1/5/2025 5:00,Z8,1950.385422
1/5/2025 5:00,Z9,1531.94205
1/5/2025 6:00,Z1,1551.338076
1/5/2025 6:00,Z10,1941.820778
1/5/2025 6:00,Z2,1995.057769
1/5/2025 6:00,Z3,1622.334931
1/5/2025 6:00,Z4,2073.15076
1/5/2025 6:00,Z5,1643.637537
1/5/2025 6:00,Z6,1831.789852
1/5/2025 6:00,Z7,1750.132819
1/5/2025 6:00,Z8,2002.164554
1/5/2025 6:00,Z9,1572.612284
1/5/2025 7:00,Z1,1624.535225
1/5/2025 7:00,Z10,2033.442163
1/5/2025 7:00,Z2,2089.191048
1/5/2025 7:00,Z3,1698.881941
1/5/2025 7:00,Z4,2170.968719
1/5/2025 7:00,Z5,1721.189673
1/5/2025 7:00,Z6,1918.219623
1/5/2025 7:00,Z7,1832.709747
1/5/2025 7:00,Z8,2096.633155
1/5/2025 7:00,Z9,1646.813218
1/5/2025 8:00,Z1,1744.986932
1/5/2025 8:00,Z10,2184.212412
1/5/2025 8:00,Z2,2244.094817
1/5/2025 8:00,Z3,1824.84611
1/5/2025 8:00,Z4,2331.93592
1/5/2025 8:00,Z5,1848.807857
1/5/2025 8:00,Z6,2060.446658
1/5/2025 8:00,Z7,1968.596624
1/5/2025 8:00,Z8,2252.088721
1/5/2025 8:00,Z9,1768.916735
1/5/2025 9:00,Z1,1837.681681
1/5/2025 9:00,Z10,2300.239081
1/5/2025 9:00,Z2,2363.302475
1/5/2025 9:00,Z3,1921.783026
1/5/2025 9:00,Z4,2455.80975
1/5/2025 9:00,Z5,1947.017635
1/5/2025 9:00,Z6,2169.898816
1/5/2025 9:00,Z7,2073.169653
1/5/2025 9:00,Z8,2371.72102
1/5/2025 9:00,Z9,1862.882649
1/5/2025 10:00,Z1,1898.300554
1/5/2025 10:00,Z10,2376.116151
1/5/2025 10:00,Z2,2441.259792
1/5/2025 10:00,Z3,1985.176117
1/5/2025 10:00,Z4,2536.818567
1/5/2025 10:00,Z5,2011.243129
1/5/2025 10:00,Z6,2241.476403
1/5/2025 10:00,Z7,2141.556474
1/5/2025 10:00,Z8,2449.956035
1/5/2025 10:00,Z9,1924.332816
1/5/2025 11:00,Z1,1951.027635
1/5/2025 11:00,Z10,2442.11501
1/5/2025 11:00,Z2,2509.068076
1/5/2025 11:00,Z3,2040.316249
1/5/2025 11:00,Z4,2607.281087
1/5/2025 11:00,Z5,2067.107297
1/5/2025 11:00,Z6,2303.735516
1/5/2025 11:00,Z7,2201.040218
1/5/2025 11:00,Z8,2518.005867
1/5/2025 11:00,Z9,1977.782969
1/5/2025 12:00,Z1,1976.54944
1/5/2025 12:00,Z10,2474.060832
1/5/2025 12:00,Z2,2541.889726
1/5/2025 12:00,Z3,2067.006057
1/5/2025 12:00,Z4,2641.387482
1/5/2025 12:00,Z5,2094.147565
1/5/2025 12:00,Z6,2333.871168
1/5/2025 12:00,Z7,2229.83249
1/5/2025 12:00,Z8,2550.944434
1/5/2025 12:00,Z9,2003.654766
1/5/2025 13:00,Z1,1982.074521
1/5/2025 13:00,Z10,2480.976614
1/5/2025 13:00,Z2,2548.995111
1/5/2025 13:00,Z3,2072.783992
1/5/2025 13:00,Z4,2648.770995
1/5/2025 13:00,Z5,2100.001369
1/5/2025 13:00,Z6,2340.395075
1/5/2025 13:00,Z7,2236.065576
1/5/2025 13:00,Z8,2558.075129
1/5/2025 13:00,Z9,2009.255614
1/5/2025 14:00,Z1,1991.50203
1/5/2025 14:00,Z10,2492.777093
1/5/2025 14:00,Z2,2561.119113
1/5/2025 14:00,Z3,2082.64295
1/5/2025 14:00,Z4,2661.369569
1/5/2025 14:00,Z5,2109.989784
1/5/2025 14:00,Z6,2351.526895
1/5/2025 14:00,Z7,2246.701165
1/5/2025 14:00,Z8,2570.242319
1/5/2025 14:00,Z9,2018.812407
1/5/2025 15:00,Z1,2020.835033
1/5/2025 15:00,Z10,2529.49342
1/5/2025 15:00,Z2,2598.842054
1/5/2025 15:00,Z3,2113.318376
1/5/2025 15:00,Z4,2700.569108
1/5/2025 15:00,Z5,2141.068003
1/5/2025 15:00,Z6,2386.162734
1/5/2025 15:00,Z7,2279.793017
1/5/2025 15:00,Z8,2608.099637
1/5/2025 15:00,Z9,2048.547666
1/5/2025 16:00,Z1,2094.714429
1/5/2025 16:00,Z10,2621.968779
1/5/2025 16:00,Z2,2693.85272
1/5/2025 16:00,Z3,2190.578856
1/5/2025 16:00,Z4,2799.298797
1/5/2025 16:00,Z5,2219.342978
1/5/2025 16:00,Z6,2473.39809
1/5/2025 16:00,Z7,2363.139619
1/5/2025 16:00,Z8,2703.448749
1/5/2025 16:00,Z9,2123.440204
1/5/2025 17:00,Z1,2142.379526
1/5/2025 17:00,Z10,2681.631516
1/5/2025 17:00,Z2,2755.151172
1/5/2025 17:00,Z3,2240.425342
1/5/2025 17:00,Z4,2862.996667
1/5/2025 17:00,Z5,2269.843989
1/5/2025 17:00,Z6,2529.68011
1/5/2025 17:00,Z7,2416.912714
1/5/2025 17:00,Z8,2764.965558
1/5/2025 17:00,Z9,2171.758955
1/5/2025 18:00,Z1,2087.43514
1/5/2025 18:00,Z10,2612.857242
1/5/2025 18:00,Z2,2684.491381
1/5/2025 18:00,Z3,2182.966431
1/5/2025 18:00,Z4,2789.571024
1/5/2025 18:00,Z5,2211.630595
1/5/2025 18:00,Z6,2464.802847
1/5/2025 18:00,Z7,2354.927532
1/5/2025 18:00,Z8,2694.054063
1/5/2025 18:00,Z9,2116.061091
1/5/2025 19:00,Z1,2022.384633
1/5/2025 19:00,Z10,2531.433066
1/5/2025 19:00,Z2,2600.834878
1/5/2025 19:00,Z3,2114.938894
1/5/2025 19:00,Z4,2702.639937
1/5/2025 19:00,Z5,2142.7098
1/5/2025 19:00,Z6,2387.992473
1/5/2025 19:00,Z7,2281.54119
1/5/2025 19:00,Z8,2610.099559
1/5/2025 19:00,Z9,2050.118518
1/5/2025 20:00,Z1,1942.654569
1/5/2025 20:00,Z10,2431.634383
1/5/2025 20:00,Z2,2498.300113
1/5/2025 20:00,Z3,2031.55999
1/5/2025 20:00,Z4,2596.091631
1/5/2025 20:00,Z5,2058.236061
1/5/2025 20:00,Z6,2293.848762
1/5/2025 20:00,Z7,2191.594192
1/5/2025 20:00,Z8,2507.199546
1/5/2025 20:00,Z9,1969.295078
1/5/2025 21:00,Z1,1877.455647
1/5/2025 21:00,Z10,2350.024435
1/5/2025 21:00,Z2,2414.452745
1/5/2025 21:00,Z3,1963.377245
1/5/2025 21:00,Z4,2508.962206
1/5/2025 21:00,Z5,1989.15802
1/5/2025 21:00,Z6,2216.863143
1/5/2025 21:00,Z7,2118.040417
1/5/2025 21:00,Z8,2423.053497
1/5/2025 21:00,Z9,1903.202054
1/5/2025 22:00,Z1,1811.777103
1/5/2025 22:00,Z10,2267.814139
1/5/2025 22:00,Z2,2329.98857
1/5/2025 22:00,Z3,1894.692928
1/5/2025 22:00,Z4,2421.191832
1/5/2025 22:00,Z5,1919.571821
1/5/2025 22:00,Z6,2139.311194
1/5/2025 22:00,Z7,2043.945558
1/5/2025 22:00,Z8,2338.288444
1/5/2025 22:00,Z9,1836.62283
1/5/2025 23:00,Z1,1747.641218
1/5/2025 23:00,Z10,2187.534801
1/5/2025 23:00,Z2,2247.508292
1/5/2025 23:00,Z3,1827.62187
1/5/2025 23:00,Z4,2335.48301
1/5/2025 23:00,Z5,1851.620064
1/5/2025 23:00,Z6,2063.580787
1/5/2025 23:00,Z7,1971.591041
1/5/2025 23:00,Z8,2255.514356
1/5/2025 23:00,Z9,1771.60742
1/6/2025 0:00,Z1,1520.263258
1/6/2025 0:00,Z10,1902.92421
1/6/2025 0:00,Z2,1955.094813
1/6/2025 0:00,Z3,1589.837977
1/6/2025 0:00,Z4,2031.623524
1/6/2025 0:00,Z5,1610.713871
1/6/2025 0:00,Z6,1795.097311
1/6/2025 0:00,Z7,1715.075949
1/6/2025 0:00,Z8,1962.059242
1/6/2025 0:00,Z9,1541.111323
1/6/2025 1:00,Z1,1496.511992
1/6/2025 1:00,Z10,1873.194583
1/6/2025 1:00,Z2,1924.550118
1/6/2025 1:00,Z3,1564.999736
1/6/2025 1:00,Z4,1999.883211
1/6/2025 1:00,Z5,1585.549483
1/6/2025 1:00,Z6,1767.052278
1/6/2025 1:00,Z7,1688.281099
1/6/2025 1:00,Z8,1931.405741
1/6/2025 1:00,Z9,1517.034345
1/6/2025 2:00,Z1,1482.184287
1/6/2025 2:00,Z10,1855.260494
1/6/2025 2:00,Z2,1906.124348
1/6/2025 2:00,Z3,1550.016325
1/6/2025 2:00,Z4,1980.736197
1/6/2025 2:00,Z5,1570.369328
1/6/2025 2:00,Z6,1750.134402
1/6/2025 2:00,Z7,1672.117384
1/6/2025 2:00,Z8,1912.914335
1/6/2025 2:00,Z9,1502.510157
1/6/2025 3:00,Z1,1459.14898
1/6/2025 3:00,Z10,1826.427038
1/6/2025 3:00,Z2,1876.500393
1/6/2025 3:00,Z3,1525.926809
1/6/2025 3:00,Z4,1949.952666
1/6/2025 3:00,Z5,1545.963497
1/6/2025 3:00,Z6,1722.934759
1/6/2025 3:00,Z7,1646.13024
1/6/2025 3:00,Z8,1883.184854
1/6/2025 3:00,Z9,1479.158957
1/6/2025 4:00,Z1,1485.451659
1/6/2025 4:00,Z10,1859.350286
1/6/2025 4:00,Z2,1910.326265
1/6/2025 4:00,Z3,1553.433228
1/6/2025 4:00,Z4,1985.102592
1/6/2025 4:00,Z5,1573.831097
1/6/2025 4:00,Z6,1753.992451
1/6/2025 4:00,Z7,1675.80345
1/6/2025 4:00,Z8,1917.13122
1/6/2025 4:00,Z9,1505.822336
1/6/2025 5:00,Z1,1531.177226
1/6/2025 5:00,Z10,1916.585299
1/6/2025 5:00,Z2,1969.130435
1/6/2025 5:00,Z3,1601.251421
1/6/2025 5:00,Z4,2046.208546
1/6/2025 5:00,Z5,1622.277183
1/6/2025 5:00,Z6,1807.984312
1/6/2025 5:00,Z7,1727.388476
1/6/2025 5:00,Z8,1976.144862
1/6/2025 5:00,Z9,1552.174958
1/6/2025 6:00,Z1,1650.664505
1/6/2025 6:00,Z10,2066.148367
1/6/2025 6:00,Z2,2122.793926
1/6/2025 6:00,Z3,1726.207025
1/6/2025 6:00,Z4,2205.886921
1/6/2025 6:00,Z5,1748.873558
1/6/2025 6:00,Z6,1949.072569
1/6/2025 6:00,Z7,1862.187339
1/6/2025 6:00,Z8,2130.355732
1/6/2025 6:00,Z9,1673.300821
1/6/2025 7:00,Z1,1854.813356
1/6/2025 7:00,Z10,2321.68292
1/6/2025 7:00,Z2,2385.334219
1/6/2025 7:00,Z3,1939.698732
1/6/2025 7:00,Z4,2478.703887
1/6/2025 7:00,Z5,1965.168588
1/6/2025 7:00,Z6,2190.127565
1/6/2025 7:00,Z7,2092.496651
1/6/2025 7:00,Z8,2393.831245
1/6/2025 7:00,Z9,1880.249259
1/6/2025 8:00,Z1,1998.741115
1/6/2025 8:00,Z10,2501.838308
1/6/2025 8:00,Z2,2570.42875
1/6/2025 8:00,Z3,2090.213332
1/6/2025 8:00,Z4,2671.043614
1/6/2025 8:00,Z5,2117.659571
1/6/2025 8:00,Z6,2360.074666
1/6/2025 8:00,Z7,2254.867896
1/6/2025 8:00,Z8,2579.585118
1/6/2025 8:00,Z9,2026.150765
1/6/2025 9:00,Z1,2045.901539
1/6/2025 9:00,Z10,2560.869342
1/6/2025 9:00,Z2,2631.07818
1/6/2025 9:00,Z3,2139.532049
1/6/2025 9:00,Z4,2734.067059
1/6/2025 9:00,Z5,2167.625883
1/6/2025 9:00,Z6,2415.760778
1/6/2025 9:00,Z7,2308.071648
1/6/2025 9:00,Z8,2640.450594
1/6/2025 9:00,Z9,2073.957921
1/6/2025 10:00,Z1,2047.889531
1/6/2025 10:00,Z10,2563.357725
1/6/2025 10:00,Z2,2633.634784
1/6/2025 10:00,Z3,2141.61102
1/6/2025 10:00,Z4,2736.723737
1/6/2025 10:00,Z5,2169.732153
1/6/2025 10:00,Z6,2418.10816
1/6/2025 10:00,Z7,2310.314388
1/6/2025 10:00,Z8,2643.016305
1/6/2025 10:00,Z9,2075.973175
1/6/2025 11:00,Z1,2044.54251
1/6/2025 11:00,Z10,2559.168236
1/6/2025 11:00,Z2,2629.330436
1/6/2025 11:00,Z3,2138.110824
1/6/2025 11:00,Z4,2732.250902
1/6/2025 11:00,Z5,2166.185996
1/6/2025 11:00,Z6,2414.156063
1/6/2025 11:00,Z7,2306.538467
1/6/2025 11:00,Z8,2638.696624
1/6/2025 11:00,Z9,2072.580255
1/6/2025 12:00,Z1,2035.544233
1/6/2025 12:00,Z10,2547.905029
1/6/2025 12:00,Z2,2617.758437
1/6/2025 12:00,Z3,2128.700741
1/6/2025 12:00,Z4,2720.225938
1/6/2025 12:00,Z5,2156.652352
1/6/2025 12:00,Z6,2403.531072
1/6/2025 12:00,Z7,2296.387114
1/6/2025 12:00,Z8,2627.083403
1/6/2025 12:00,Z9,2063.458581
1/6/2025 13:00,Z1,2031.791914
1/6/2025 13:00,Z10,2543.208225
1/6/2025 13:00,Z2,2612.932865
1/6/2025 13:00,Z3,2124.776698
1/6/2025 13:00,Z4,2715.211478
1/6/2025 13:00,Z5,2152.676782
1/6/2025 13:00,Z6,2399.100407
1/6/2025 13:00,Z7,2292.153958
1/6/2025 13:00,Z8,2622.240642
1/6/2025 13:00,Z9,2059.654804
1/6/2025 14:00,Z1,2028.845196
1/6/2025 14:00,Z10,2539.519797
1/6/2025 14:00,Z2,2609.143315
1/6/2025 14:00,Z3,2121.695123
1/6/2025 14:00,Z4,2711.273593
1/6/2025 14:00,Z5,2149.554744
1/6/2025 14:00,Z6,2395.620979
1/6/2025 14:00,Z7,2288.829635
1/6/2025 14:00,Z8,2618.437593
1/6/2025 14:00,Z9,2056.667676
1/6/2025 15:00,Z1,2050.475918
1/6/2025 15:00,Z10,2566.595124
1/6/2025 15:00,Z2,2636.96094
1/6/2025 15:00,Z3,2144.315774
1/6/2025 15:00,Z4,2740.180089
1/6/2025 15:00,Z5,2172.472422
1/6/2025 15:00,Z6,2421.162116
1/6/2025 15:00,Z7,2313.232206
1/6/2025 15:00,Z8,2646.354309
1/6/2025 15:00,Z9,2078.595031
1/6/2025 16:00,Z1,2105.477798
1/6/2025 16:00,Z10,2635.441364
1/6/2025 16:00,Z2,2707.69467
1/6/2025 16:00,Z3,2201.83481
1/6/2025 16:00,Z4,2813.682565
1/6/2025 16:00,Z5,2230.746732
1/6/2025 16:00,Z6,2486.107267
1/6/2025 16:00,Z7,2375.28225
1/6/2025 16:00,Z8,2717.340007
1/6/2025 16:00,Z9,2134.351177
1/6/2025 17:00,Z1,2115.163525
1/6/2025 17:00,Z10,2647.565057
1/6/2025 17:00,Z2,2720.150746
1/6/2025 17:00,Z3,2211.963804
1/6/2025 17:00,Z4,2826.626212
1/6/2025 17:00,Z5,2241.008727
1/6/2025 17:00,Z6,2497.543986
1/6/2025 17:00,Z7,2386.209145
1/6/2025 17:00,Z8,2729.840454
1/6/2025 17:00,Z9,2144.169729
1/6/2025 18:00,Z1,2039.42352
1/6/2025 18:00,Z10,2552.76076
1/6/2025 18:00,Z2,2622.747293
1/6/2025 18:00,Z3,2132.757564
1/6/2025 18:00,Z4,2725.410074
1/6/2025 18:00,Z5,2160.762444
1/6/2025 18:00,Z6,2408.111659
1/6/2025 18:00,Z7,2300.763509
1/6/2025 18:00,Z8,2632.090031
1/6/2025 18:00,Z9,2067.391066
1/6/2025 19:00,Z1,1945.841556
1/6/2025 19:00,Z10,2435.623558
1/6/2025 19:00,Z2,2502.398655
1/6/2025 19:00,Z3,2034.892829
1/6/2025 19:00,Z4,2600.350603
1/6/2025 19:00,Z5,2061.612664
1/6/2025 19:00,Z6,2297.611895
1/6/2025 19:00,Z7,2195.189573
1/6/2025 19:00,Z8,2511.312688
1/6/2025 19:00,Z9,1972.52577
1/6/2025 20:00,Z1,1851.386393
1/6/2025 20:00,Z10,2317.393366
1/6/2025 20:00,Z2,2380.927062
1/6/2025 20:00,Z3,1936.114933
1/6/2025 20:00,Z4,2474.12422
1/6/2025 20:00,Z5,1961.537732
1/6/2025 20:00,Z6,2186.081074
1/6/2025 20:00,Z7,2088.630543
1/6/2025 20:00,Z8,2389.408389
1/6/2025 20:00,Z9,1876.7753
1/6/2025 21:00,Z1,1750.832939
1/6/2025 21:00,Z10,2191.529901
1/6/2025 21:00,Z2,2251.612922
1/6/2025 21:00,Z3,1830.95966
1/6/2025 21:00,Z4,2339.748308
1/6/2025 21:00,Z5,1855.001682
1/6/2025 21:00,Z6,2067.34951
1/6/2025 21:00,Z7,1975.191762
1/6/2025 21:00,Z8,2259.633607
1/6/2025 21:00,Z9,1774.842911
1/6/2025 22:00,Z1,1636.812637
1/6/2025 22:00,Z10,2048.809886
1/6/2025 22:00,Z2,2104.980093
1/6/2025 22:00,Z3,1711.721227
1/6/2025 22:00,Z4,2187.375797
1/6/2025 22:00,Z5,1734.19755
1/6/2025 22:00,Z6,1932.716552
1/6/2025 22:00,Z7,1846.560436
1/6/2025 22:00,Z8,2112.478443
1/6/2025 22:00,Z9,1659.258996
1/6/2025 23:00,Z1,1492.714411
1/6/2025 23:00,Z10,1868.441124
1/6/2025 23:00,Z2,1919.666338
1/6/2025 23:00,Z3,1561.028359
1/6/2025 23:00,Z4,1994.808265
1/6/2025 23:00,Z5,1581.525959
1/6/2025 23:00,Z6,1762.568168
1/6/2025 23:00,Z7,1683.996881
1/6/2025 23:00,Z8,1926.504564
1/6/2025 23:00,Z9,1513.184686
1/7/2025 0:00,Z1,1559.798925
1/7/2025 0:00,Z10,1952.411282
1/7/2025 0:00,Z2,2005.938623
1/7/2025 0:00,Z3,1631.18299
1/7/2025 0:00,Z4,2084.457525
1/7/2025 0:00,Z5,1652.601778
1/7/2025 0:00,Z6,1841.780258
1/7/2025 0:00,Z7,1759.677876
1/7/2025 0:00,Z8,2013.084168
1/7/2025 0:00,Z9,1581.18916
1/7/2025 1:00,Z1,1555.017842
1/7/2025 1:00,Z10,1946.426766
1/7/2025 1:00,Z2,1999.790036
1/7/2025 1:00,Z3,1626.183101
1/7/2025 1:00,Z4,2078.068262
1/7/2025 1:00,Z5,1647.536237
1/7/2025 1:00,Z6,1836.134848
1/7/2025 1:00,Z7,1754.284125
1/7/2025 1:00,Z8,2006.913678
1/7/2025 1:00,Z9,1576.342511
1/7/2025 2:00,Z1,1528.747241
1/7/2025 2:00,Z10,1913.543671
1/7/2025 2:00,Z2,1966.005417
1/7/2025 2:00,Z3,1598.710228
1/7/2025 2:00,Z4,2042.961205
1/7/2025 2:00,Z5,1619.702623
1/7/2025 2:00,Z6,1805.115033
1/7/2025 2:00,Z7,1724.647103
1/7/2025 2:00,Z8,1973.008712
1/7/2025 2:00,Z9,1549.71165
1/7/2025 3:00,Z1,1502.46215
1/7/2025 3:00,Z10,1880.642438
1/7/2025 3:00,Z2,1932.202163
1/7/2025 3:00,Z3,1571.222203
1/7/2025 3:00,Z4,2007.834783
1/7/2025 3:00,Z5,1591.853656
1/7/2025 3:00,Z6,1774.078109
1/7/2025 3:00,Z7,1694.993735
1/7/2025 3:00,Z8,1939.085044
1/7/2025 3:00,Z9,1523.0661
1/7/2025 4:00,Z1,1496.389254
1/7/2025 4:00,Z10,1873.040951
1/7/2025 4:00,Z2,1924.392274
1/7/2025 4:00,Z3,1564.871381
1/7/2025 4:00,Z4,1999.719189
1/7/2025 4:00,Z5,1585.419443
1/7/2025 4:00,Z6,1766.907351
1/7/2025 4:00,Z7,1688.142633
1/7/2025 4:00,Z8,1931.247335
1/7/2025 4:00,Z9,1516.909924
1/7/2025 5:00,Z1,1565.825814
1/7/2025 5:00,Z10,1959.955181
1/7/2025 5:00,Z2,2013.689346
1/7/2025 5:00,Z3,1637.485699
1/7/2025 5:00,Z4,2092.511637
1/7/2025 5:00,Z5,1658.987248
1/7/2025 5:00,Z6,1848.896692
1/7/2025 5:00,Z7,1766.477075
1/7/2025 5:00,Z8,2020.862501
1/7/2025 5:00,Z9,1587.298699
1/7/2025 6:00,Z1,1670.707525
1/7/2025 6:00,Z10,2091.236356
1/7/2025 6:00,Z2,2148.569728
1/7/2025 6:00,Z3,1747.167312
1/7/2025 6:00,Z4,2232.671671
1/7/2025 6:00,Z5,1770.109072
1/7/2025 6:00,Z6,1972.738978
1/7/2025 6:00,Z7,1884.798753
1/7/2025 6:00,Z8,2156.223353
1/7/2025 6:00,Z9,1693.6187
1/7/2025 7:00,Z1,1860.535879
1/7/2025 7:00,Z10,2328.845842
1/7/2025 7:00,Z2,2392.69352
1/7/2025 7:00,Z3,1945.683145
1/7/2025 7:00,Z4,2486.351255
1/7/2025 7:00,Z5,1971.231582
1/7/2025 7:00,Z6,2196.884609
1/7/2025 7:00,Z7,2098.952481
1/7/2025 7:00,Z8,2401.216761
1/7/2025 7:00,Z9,1886.050258
1/7/2025 8:00,Z1,1986.940797
1/7/2025 8:00,Z10,2487.067767
1/7/2025 8:00,Z2,2555.253259
1/7/2025 8:00,Z3,2077.872973
1/7/2025 8:00,Z4,2655.274106
1/7/2025 8:00,Z5,2105.157173
1/7/2025 8:00,Z6,2346.14108
1/7/2025 8:00,Z7,2241.555437
1/7/2025 8:00,Z8,2564.35557
1/7/2025 8:00,Z9,2014.188624
1/7/2025 9:00,Z1,2026.091125
1/7/2025 9:00,Z10,2536.072507
1/7/2025 9:00,Z2,2605.601514
1/7/2025 9:00,Z3,2118.815012
1/7/2025 9:00,Z4,2707.593154
1/7/2025 9:00,Z5,2146.636815
1/7/2025 9:00,Z6,2392.369026
1/7/2025 9:00,Z7,2285.722646
1/7/2025 9:00,Z8,2614.883175
1/7/2025 9:00,Z9,2053.875838
1/7/2025 10:00,Z1,1985.086398
1/7/2025 10:00,Z10,2484.746602
1/7/2025 10:00,Z2,2552.868457
1/7/2025 10:00,Z3,2075.933707
1/7/2025 10:00,Z4,2652.795955
1/7/2025 10:00,Z5,2103.192443
1/7/2025 10:00,Z6,2343.951441
1/7/2025 10:00,Z7,2239.463407
1/7/2025 10:00,Z8,2561.962273
1/7/2025 10:00,Z9,2012.308794
1/7/2025 11:00,Z1,1948.437463
1/7/2025 11:00,Z10,2438.872872
1/7/2025 11:00,Z2,2505.737053
1/7/2025 11:00,Z3,2037.607537
1/7/2025 11:00,Z4,2603.819676
1/7/2025 11:00,Z5,2064.363018
1/7/2025 11:00,Z6,2300.677091
1/7/2025 11:00,Z7,2198.11813
1/7/2025 11:00,Z8,2514.662977
1/7/2025 11:00,Z9,1975.157276
1/7/2025 12:00,Z1,1959.620735
1/7/2025 12:00,Z10,2452.871052
1/7/2025 12:00,Z2,2520.119007
1/7/2025 12:00,Z3,2049.302611
1/7/2025 12:00,Z4,2618.764587
1/7/2025 12:00,Z5,2076.211658
1/7/2025 12:00,Z6,2313.882081
1/7/2025 12:00,Z7,2210.734472
1/7/2025 12:00,Z8,2529.096163
1/7/2025 12:00,Z9,1986.493909
1/7/2025 13:00,Z1,2041.592876
1/7/2025 13:00,Z10,2555.476159
1/7/2025 13:00,Z2,2625.537137
1/7/2025 13:00,Z3,2135.0262
1/7/2025 13:00,Z4,2728.309121
1/7/2025 13:00,Z5,2163.060869
1/7/2025 13:00,Z6,2410.673193
1/7/2025 13:00,Z7,2303.210855
1/7/2025 13:00,Z8,2634.889812
1/7/2025 13:00,Z9,2069.590172
1/7/2025 14:00,Z1,1988.092778
1/7/2025 14:00,Z10,2488.509709
1/7/2025 14:00,Z2,2556.734734
1/7/2025 14:00,Z3,2079.077675
1/7/2025 14:00,Z4,2656.813571
1/7/2025 14:00,Z5,2106.377693
1/7/2025 14:00,Z6,2347.501317
1/7/2025 14:00,Z7,2242.855038
1/7/2025 14:00,Z8,2565.842322
1/7/2025 14:00,Z9,2015.356402
1/7/2025 15:00,Z1,2046.552191
1/7/2025 15:00,Z10,2561.683767
1/7/2025 15:00,Z2,2631.914933
1/7/2025 15:00,Z3,2140.212477
1/7/2025 15:00,Z4,2734.936565
1/7/2025 15:00,Z5,2168.315246
1/7/2025 15:00,Z6,2416.529055
1/7/2025 15:00,Z7,2308.805676
1/7/2025 15:00,Z8,2641.290328
1/7/2025 15:00,Z9,2074.617496
1/7/2025 16:00,Z1,2098.322144
1/7/2025 16:00,Z10,2626.484582
1/7/2025 16:00,Z2,2698.492328
1/7/2025 16:00,Z3,2194.351678
1/7/2025 16:00,Z4,2804.120014
1/7/2025 16:00,Z5,2223.16534
1/7/2025 16:00,Z6,2477.65801
1/7/2025 16:00,Z7,2367.209641
1/7/2025 16:00,Z8,2708.104884
1/7/2025 16:00,Z9,2127.097394
1/7/2025 17:00,Z1,2108.887404
1/7/2025 17:00,Z10,2639.709191
1/7/2025 17:00,Z2,2712.079504
1/7/2025 17:00,Z3,2205.400456
1/7/2025 17:00,Z4,2818.239036
1/7/2025 17:00,Z5,2234.359197
1/7/2025 17:00,Z6,2490.133263
1/7/2025 17:00,Z7,2379.128776
1/7/2025 17:00,Z8,2721.74046
1/7/2025 17:00,Z9,2137.80754
1/7/2025 18:00,Z1,1982.411845
1/7/2025 18:00,Z10,2481.398846
1/7/2025 18:00,Z2,2549.428919
1/7/2025 18:00,Z3,2073.136755
1/7/2025 18:00,Z4,2649.221783
1/7/2025 18:00,Z5,2100.358764
1/7/2025 18:00,Z6,2340.793382
1/7/2025 18:00,Z7,2236.446127
1/7/2025 18:00,Z8,2558.510483
1/7/2025 18:00,Z9,2009.597565
1/7/2025 19:00,Z1,1908.014884
1/7/2025 19:00,Z10,2388.275647
1/7/2025 19:00,Z2,2453.752653
1/7/2025 19:00,Z3,1995.335023
1/7/2025 19:00,Z4,2549.800439
1/7/2025 19:00,Z5,2021.535431
1/7/2025 19:00,Z6,2252.946896
1/7/2025 19:00,Z7,2152.515639
1/7/2025 19:00,Z8,2462.493399
1/7/2025 19:00,Z9,1934.180364
1/7/2025 20:00,Z1,1846.35963
1/7/2025 20:00,Z10,2311.101331
1/7/2025 20:00,Z2,2374.462525
1/7/2025 20:00,Z3,1930.858121
1/7/2025 20:00,Z4,2467.40664
1/7/2025 20:00,Z5,1956.211894
1/7/2025 20:00,Z6,2180.14557
1/7/2025 20:00,Z7,2082.95963
1/7/2025 20:00,Z8,2382.920824
1/7/2025 20:00,Z9,1871.679603
1/7/2025 21:00,Z1,1753.302026
1/7/2025 21:00,Z10,2194.620474
1/7/2025 21:00,Z2,2254.788227
1/7/2025 21:00,Z3,1833.541744
1/7/2025 21:00,Z4,2343.047904
1/7/2025 21:00,Z5,1857.617671
1/7/2025 21:00,Z6,2070.26496
1/7/2025 21:00,Z7,1977.977248
1/7/2025 21:00,Z8,2262.820222
1/7/2025 21:00,Z9,1777.345858
1/7/2025 22:00,Z1,1667.629055
1/7/2025 22:00,Z10,2087.383014
1/7/2025 22:00,Z2,2144.610742
1/7/2025 22:00,Z3,1743.947957
1/7/2025 22:00,Z4,2228.557718
1/7/2025 22:00,Z5,1766.847443
1/7/2025 22:00,Z6,1969.10398
1/7/2025 22:00,Z7,1881.325795
1/7/2025 22:00,Z8,2152.250264
1/7/2025 22:00,Z9,1690.498014
1/7/2025 23:00,Z1,1614.774018
1/7/2025 23:00,Z10,2021.223992
1/7/2025 23:00,Z2,2076.637904
1/7/2025 23:00,Z3,1688.674013
1/7/2025 23:00,Z4,2157.924203
1/7/2025 23:00,Z5,1710.847707
1/7/2025 23:00,Z6,1906.693779
1/7/2025 23:00,Z7,1821.6977
1/7/2025 23:00,Z8,2084.035293
1/7/2025 23:00,Z9,1636.918151
